{"cameraMode":{"drawMode":0,"name":"Shaded","section":"Shading Mode"},"sceneLighting":true,"audioPlay":false,"sceneViewState":{"showFog":true,"showMaterialUpdate":false,"showSkybox":true,"showFlares":true,"showImageEffects":true,"showParticleSystems":true},"in2DMode":false,"pivot":{"x":-2.0858538150787355,"y":1.6716406345367432,"z":0.4408643841743469},"rotation":{"x":-0.03335688263177872,"y":-0.9460299611091614,"z":0.1034523993730545,"w":-0.30541133880615237},"size":7.620349407196045,"orthographic":false}